{
  "rule_id": "T01",
  "num_samples": 17581,
  "applicable_samples": 10285,
  "success_samples": 10285,
  "total_candidates": 10951,
  "total_success": 10951,
  "coverage": 0.5850065411523804,
  "success_rate": 1.0,
  "acc_orig": 0.9332,
  "acc_adv": 0.9271,
  "gain": 0.006099999999999994,
  "asr": 0.013348628636979873,
  "strength": 0.003568539901029517
}