{
  "rule_id": "T03",
  "num_samples": 17581,
  "applicable_samples": 17424,
  "success_samples": 16947,
  "total_candidates": 71253,
  "total_success": 67729,
  "coverage": 0.9639383425288663,
  "success_rate": 0.950542433301054,
  "acc_orig": 0.9362,
  "acc_adv": 0.6935,
  "gain": 0.24270000000000003,
  "asr": 0.1572746298736532,
  "strength": 0.2339478357317559
}