{
  "rule_id": "T04",
  "num_samples": 17581,
  "applicable_samples": 17581,
  "success_samples": 17581,
  "total_candidates": 219502,
  "total_success": 219502,
  "coverage": 1.0,
  "success_rate": 1.0,
  "acc_orig": 0.9382,
  "acc_adv": 0.8852,
  "gain": 0.05300000000000005,
  "asr": 0.061238141571393824,
  "strength": 0.05300000000000005
}