{
  "rule_id": "T07",
  "num_samples": 17581,
  "applicable_samples": 1861,
  "success_samples": 1861,
  "total_candidates": 20128,
  "total_success": 20128,
  "coverage": 0.10585290939081964,
  "success_rate": 1.0,
  "acc_orig": 0.9285,
  "acc_adv": 0.7609,
  "gain": 0.16759999999999997,
  "asr": 0.21090473337327742,
  "strength": 0.017740947613901367
}