{
  "rule_id": "T09",
  "num_samples": 17581,
  "applicable_samples": 608,
  "success_samples": 608,
  "total_candidates": 862,
  "total_success": 862,
  "coverage": 0.03458278823730163,
  "success_rate": 1.0,
  "acc_orig": 0.9457,
  "acc_adv": 0.6628,
  "gain": 0.28290000000000004,
  "asr": 0.3351449275362319,
  "strength": 0.009783470792332633
}