{
  "rule_id": "T10",
  "num_samples": 17581,
  "applicable_samples": 288,
  "success_samples": 288,
  "total_candidates": 345,
  "total_success": 345,
  "coverage": 0.016381320743984983,
  "success_rate": 1.0,
  "acc_orig": 0.9028,
  "acc_adv": 0.6667,
  "gain": 0.2361000000000001,
  "asr": 0.32083333333333336,
  "strength": 0.0038676298276548557
}