{
  "rule_id": "T11",
  "num_samples": 17581,
  "applicable_samples": 351,
  "success_samples": 351,
  "total_candidates": 373,
  "total_success": 373,
  "coverage": 0.019964734656731698,
  "success_rate": 1.0,
  "acc_orig": 0.9886,
  "acc_adv": 0.584,
  "gain": 0.40460000000000007,
  "asr": 0.06282722513089005,
  "strength": 0.008077731642113646
}