{
  "rule_id": "T12",
  "num_samples": 17581,
  "applicable_samples": 356,
  "success_samples": 356,
  "total_candidates": 382,
  "total_success": 382,
  "coverage": 0.02024913258631477,
  "success_rate": 1.0,
  "acc_orig": 0.9888,
  "acc_adv": 0.7949,
  "gain": 0.19389999999999996,
  "asr": 0.014035087719298246,
  "strength": 0.003926306808486433
}