{
  "rule_id": "T13",
  "num_samples": 17581,
  "applicable_samples": 351,
  "success_samples": 351,
  "total_candidates": 373,
  "total_success": 373,
  "coverage": 0.019964734656731698,
  "success_rate": 1.0,
  "acc_orig": 0.9886,
  "acc_adv": 0.9801,
  "gain": 0.008500000000000063,
  "asr": 0.008670520231213872,
  "strength": 0.0001697002445822207
}