{
  "rule_id": "T16",
  "num_samples": 100,
  "applicable_samples": 100,
  "success_samples": 100,
  "total_candidates": 420,
  "total_success": 420,
  "coverage": 1.0,
  "success_rate": 1.0,
  "acc_orig": 0.95,
  "acc_adv": 0.91,
  "gain": 0.039999999999999925,
  "asr": 0.07904642409033877,
  "strength": 0.039999999999999925
}