{
  "rule_id": "T18",
  "num_samples": 17581,
  "applicable_samples": 608,
  "success_samples": 608,
  "total_candidates": 862,
  "total_success": 862,
  "coverage": 0.03458278823730163,
  "success_rate": 1.0,
  "acc_orig": 0.9457,
  "acc_adv": 0.6661,
  "gain": 0.27959999999999996,
  "asr": 0.33152173913043476,
  "strength": 0.009669347591149536
}