{
  "rule_id": "T19",
  "num_samples": 17581,
  "applicable_samples": 17581,
  "success_samples": 17581,
  "total_candidates": 17581,
  "total_success": 17581,
  "coverage": 1.0,
  "success_rate": 1.0,
  "acc_orig": 0.9383,
  "acc_adv": 0.8961,
  "gain": 0.042200000000000015,
  "asr": 0.04894212062256809,
  "strength": 0.042200000000000015
}