{
  "rule_id": "T20",
  "num_samples": 17581,
  "applicable_samples": 17581,
  "success_samples": 17581,
  "total_candidates": 219502,
  "total_success": 219502,
  "coverage": 1.0,
  "success_rate": 1.0,
  "acc_orig": 0.938,
  "acc_adv": 0.8891,
  "gain": 0.048899999999999944,
  "asr": 0.057964843987591996,
  "strength": 0.048899999999999944
}