{
  "rule_id": "T30",
  "num_samples": 17581,
  "applicable_samples": 487,
  "success_samples": 487,
  "total_candidates": 711,
  "total_success": 711,
  "coverage": 0.027700358341391274,
  "success_rate": 1.0,
  "acc_orig": 0.9651,
  "acc_adv": 0.384,
  "gain": 0.5811,
  "asr": 0.6119402985074627,
  "strength": 0.016096678232182467
}