{
  "rule_id": "T31",
  "num_samples": 17581,
  "applicable_samples": 6629,
  "success_samples": 6629,
  "total_candidates": 12747,
  "total_success": 12747,
  "coverage": 0.3770547750412377,
  "success_rate": 1.0,
  "acc_orig": 0.9348,
  "acc_adv": 0.4248,
  "gain": 0.51,
  "asr": 0.020871475649945074,
  "strength": 0.19229793527103123
}