{
  "rule_id": "T34",
  "num_samples": 17581,
  "applicable_samples": 3456,
  "success_samples": 3456,
  "total_candidates": 3456,
  "total_success": 3456,
  "coverage": 0.19657584892781982,
  "success_rate": 1.0,
  "acc_orig": 0.8996,
  "acc_adv": 0.818,
  "gain": 0.0816,
  "asr": 0.10118845500848897,
  "strength": 0.0160405892725101
}