{
  "rule_id": "T37",
  "num_samples": 17581,
  "applicable_samples": 356,
  "success_samples": 356,
  "total_candidates": 382,
  "total_success": 382,
  "coverage": 0.02024913258631477,
  "success_rate": 1.0,
  "acc_orig": 0.9888,
  "acc_adv": 0.8146,
  "gain": 0.17420000000000002,
  "asr": 0.15263157894736842,
  "strength": 0.0035273988965360335
}