{
  "rule_id": "T38",
  "num_samples": 17581,
  "applicable_samples": 734,
  "success_samples": 734,
  "total_candidates": 1207,
  "total_success": 1207,
  "coverage": 0.041749616062795064,
  "success_rate": 1.0,
  "acc_orig": 0.9373,
  "acc_adv": 0.6267,
  "gain": 0.3106,
  "asr": 0.02857142857142857,
  "strength": 0.012967430749104147
}