{
  "rule_id": "T39",
  "num_samples": 17581,
  "applicable_samples": 586,
  "success_samples": 562,
  "total_candidates": 605,
  "total_success": 581,
  "coverage": 0.03196632728513736,
  "success_rate": 0.9603305785123967,
  "acc_orig": 0.9591,
  "acc_adv": 0.8292,
  "gain": 0.1298999999999999,
  "asr": 0.08009153318077804,
  "strength": 0.00415242591433934
}