{
  "rule_id": "T45",
  "num_samples": 17581,
  "applicable_samples": 6381,
  "success_samples": 6381,
  "total_candidates": 12132,
  "total_success": 12132,
  "coverage": 0.3629486377339173,
  "success_rate": 1.0,
  "acc_orig": 0.9331,
  "acc_adv": 0.0964,
  "gain": 0.8367,
  "asr": 0.9911412193850964,
  "strength": 0.3036791251919686
}