{
  "rule_id": "T48",
  "num_samples": 17581,
  "applicable_samples": 2112,
  "success_samples": 2112,
  "total_candidates": 8230,
  "total_success": 8230,
  "coverage": 0.12012968545588988,
  "success_rate": 1.0,
  "acc_orig": 0.9332,
  "acc_adv": 0.6269,
  "gain": 0.3063,
  "asr": 0.2665736217725052,
  "strength": 0.03679572265513907
}