{
  "total_tests": 3,
  "synergistic_tests": 1,
  "synergy_rate": 0.3333333333333333,
  "avg_single_asr": 0.3333333333333333,
  "avg_combined_asr": 0.6666666666666666,
  "avg_asr_boost": 0.3333333333333333,
  "avg_conf_boost": 0.08116666666666665,
  "max_asr_boost": 1.0,
  "max_conf_boost": 0.2895
}