{
  "total_tests": 144,
  "by_combination_type": {
    "strong_strong": {
      "n": 48,
      "avg_rule_strength": 0.6825563713445864,
      "avg_combined_asr": 0.22916666666666666,
      "avg_asr_boost": -0.08333333333333333,
      "synergy_count": 6,
      "synergy_rate": 0.125
    },
    "strong_medium": {
      "n": 48,
      "avg_rule_strength": 0.5077403719080997,
      "avg_combined_asr": 0.08333333333333333,
      "avg_asr_boost": -0.041666666666666664,
      "synergy_count": 11,
      "synergy_rate": 0.22916666666666666
    },
    "medium_medium": {
      "n": 48,
      "avg_rule_strength": 0.28458087402265786,
      "avg_combined_asr": 0.041666666666666664,
      "avg_asr_boost": -0.08333333333333333,
      "synergy_count": 3,
      "synergy_rate": 0.0625
    }
  }
}