{
  "total_tests": 188,
  "scenarios": {
    "Signal_Affinity_Rename_Bitwidth": {
      "n": 47,
      "linkage_used_count": 0,
      "linkage_used_rate": 0.0,
      "avg_linked_asr": 0.2978723404255319,
      "avg_linkage_boost": -0.14893617021276595,
      "synergy_count": 12,
      "synergy_rate": 0.2553191489361702
    },
    "Structure_Linkage_DeadCode_Shannon": {
      "n": 47,
      "linkage_used_count": 0,
      "linkage_used_rate": 0.0,
      "avg_linked_asr": 0.7872340425531915,
      "avg_linkage_boost": 0.5957446808510638,
      "synergy_count": 36,
      "synergy_rate": 0.7659574468085106
    },
    "Semantic_Linkage_Comment_Rename": {
      "n": 47,
      "linkage_used_count": 47,
      "linkage_used_rate": 1.0,
      "avg_linked_asr": 0.574468085106383,
      "avg_linkage_boost": 0.0851063829787234,
      "synergy_count": 13,
      "synergy_rate": 0.2765957446808511
    },
    "Multi_Layer_Rename_Intermediate": {
      "n": 47,
      "linkage_used_count": 47,
      "linkage_used_rate": 1.0,
      "avg_linked_asr": 0.19148936170212766,
      "avg_linkage_boost": -0.2978723404255319,
      "synergy_count": 14,
      "synergy_rate": 0.2978723404255319
    }
  }
}