{
  "rule_id": "T03",
  "num_samples": 17581,
  "applicable_samples": 17581,
  "success_samples": 17581,
  "total_candidates": 76011,
  "total_success": 17581,
  "coverage": 1.0,
  "success_rate": 0.2312954703924432,
  "acc_orig": 0.9377737330072237,
  "acc_adv": 0.7008133780786076,
  "conf_orig": -0.8804818212843526,
  "conf_adv": -0.5134661680222709,
  "conf_orig_op": -0.8914341845090162,
  "conf_adv_op": -0.5196584278522175,
  "denom_orig_passed": 16487,
  "gain": 0.37177575665679874,
  "gain_conf": 0.37177575665679874,
  "asr": 0.2651786255837933,
  "strength": 0.37177575665679874
}