{
  "rule_id": "T07",
  "num_samples": 17581,
  "applicable_samples": 1807,
  "success_samples": 1807,
  "total_candidates": 20157,
  "total_success": 1807,
  "coverage": 0.10278141175132245,
  "success_rate": 0.08964627672768766,
  "acc_orig": 0.9369120088544549,
  "acc_adv": 0.7520752628666297,
  "conf_orig": -0.841120420586608,
  "conf_adv": -0.46589822910901996,
  "conf_orig_op": -0.8610623154164205,
  "conf_adv_op": -0.4816834613112812,
  "denom_orig_passed": 1693,
  "gain": 0.37937885410513933,
  "gain_conf": 0.37937885410513933,
  "asr": 0.21382161842882458,
  "strength": 0.03899309421352521
}