{
  "rule_id": "T07b",
  "num_samples": 17581,
  "applicable_samples": 161,
  "success_samples": 161,
  "total_candidates": 1107,
  "total_success": 161,
  "coverage": 0.009157613332574938,
  "success_rate": 0.14543812104787715,
  "acc_orig": 0.8819875776397516,
  "acc_adv": 0.7763975155279503,
  "conf_orig": -0.7775621118012418,
  "conf_adv": -0.449655900621118,
  "conf_orig_op": -0.8293809859154927,
  "conf_adv_op": -0.4911471830985917,
  "denom_orig_passed": 142,
  "gain": 0.338233802816901,
  "gain_conf": 0.338233802816901,
  "asr": 0.14084507042253522,
  "strength": 0.0030974143822035754
}