{
  "rule_id": "T09",
  "num_samples": 17581,
  "applicable_samples": 888,
  "success_samples": 888,
  "total_candidates": 1444,
  "total_success": 888,
  "coverage": 0.0505090722939537,
  "success_rate": 0.6149584487534626,
  "acc_orig": 0.9470720720720721,
  "acc_adv": 0.6509009009009009,
  "conf_orig": -0.875633220720719,
  "conf_adv": -0.05396193693693697,
  "conf_orig_op": -0.8961250891795467,
  "conf_adv_op": -0.052406183115338914,
  "denom_orig_passed": 841,
  "gain": 0.8437189060642077,
  "gain_conf": 0.8437189060642077,
  "asr": 0.32461355529131986,
  "strength": 0.042615459222172594
}