{
  "rule_id": "T10",
  "num_samples": 17581,
  "applicable_samples": 917,
  "success_samples": 917,
  "total_candidates": 1281,
  "total_success": 917,
  "coverage": 0.05215858028553552,
  "success_rate": 0.7158469945355191,
  "acc_orig": 0.8887677208287895,
  "acc_adv": 0.6324972737186477,
  "conf_orig": -0.8563790621592134,
  "conf_adv": -0.18083086150490693,
  "conf_orig_op": -0.8815609815950902,
  "conf_adv_op": -0.1652202453987726,
  "denom_orig_passed": 815,
  "gain": 0.7163407361963177,
  "gain_conf": 0.7163407361963177,
  "asr": 0.3128834355828221,
  "strength": 0.037363315800695254
}