{
  "rule_id": "T12",
  "num_samples": 17581,
  "applicable_samples": 1477,
  "success_samples": 1477,
  "total_candidates": 1793,
  "total_success": 1477,
  "coverage": 0.08401114839883965,
  "success_rate": 0.8237590630228667,
  "acc_orig": 0.976303317535545,
  "acc_adv": 0.4834123222748815,
  "conf_orig": -0.9030744075829374,
  "conf_adv": 0.15732579553148332,
  "conf_orig_op": -0.9167601941747566,
  "conf_adv_op": 0.155550970873787,
  "denom_orig_passed": 1442,
  "gain": 1.0723111650485437,
  "gain_conf": 1.0723111650485437,
  "asr": 0.513869625520111,
  "strength": 0.09008609241662584
}