{
  "rule_id": "T18",
  "num_samples": 17581,
  "applicable_samples": 888,
  "success_samples": 888,
  "total_candidates": 1444,
  "total_success": 888,
  "coverage": 0.0505090722939537,
  "success_rate": 0.6149584487534626,
  "acc_orig": 0.9470720720720721,
  "acc_adv": 0.6295045045045045,
  "conf_orig": -0.875633220720719,
  "conf_adv": -0.05241903153153146,
  "conf_orig_op": -0.8961250891795467,
  "conf_adv_op": -0.05054637336504155,
  "denom_orig_passed": 841,
  "gain": 0.8455787158145052,
  "gain_conf": 0.8455787158145052,
  "asr": 0.34720570749108204,
  "strength": 0.04270939648730337
}