{
  "rule_id": "T19",
  "num_samples": 17581,
  "applicable_samples": 17581,
  "success_samples": 17482,
  "total_candidates": 17581,
  "total_success": 17482,
  "coverage": 0.9943689209942551,
  "success_rate": 0.9943689209942551,
  "acc_orig": 0.9376501544445716,
  "acc_adv": 0.13659764329024138,
  "conf_orig": -0.8806282519162678,
  "conf_adv": 0.6862593753575025,
  "conf_orig_op": -0.8916089677891742,
  "conf_adv_op": 0.6912725841874003,
  "denom_orig_passed": 16392,
  "gain": 1.5828815519765747,
  "gain_conf": 1.5828815519765747,
  "asr": 0.9025744265495363,
  "strength": 1.5739682209006585
}