{
  "rule_id": "T20",
  "num_samples": 17581,
  "applicable_samples": 17581,
  "success_samples": 17578,
  "total_candidates": 219502,
  "total_success": 17578,
  "coverage": 0.9998293612422502,
  "success_rate": 0.08008127488587803,
  "acc_orig": 0.9377631129821368,
  "acc_adv": 0.488394584139265,
  "conf_orig": -0.8805259472067472,
  "conf_adv": 0.04941212879735976,
  "conf_orig_op": -0.8914832322251971,
  "conf_adv_op": 0.04177689881096764,
  "denom_orig_passed": 16484,
  "gain": 0.9332601310361648,
  "gain_conf": 0.9332601310361648,
  "asr": 0.5110410094637224,
  "strength": 0.9331008806867473
}