{
  "rule_id": "T30",
  "num_samples": 17581,
  "applicable_samples": 490,
  "success_samples": 490,
  "total_candidates": 709,
  "total_success": 490,
  "coverage": 0.027870997099141117,
  "success_rate": 0.691114245416079,
  "acc_orig": 0.963265306122449,
  "acc_adv": 0.3979591836734694,
  "conf_orig": -0.8569344897959179,
  "conf_adv": 0.17623346938775492,
  "conf_orig_op": -0.8757014830508469,
  "conf_adv_op": 0.1776394067796608,
  "denom_orig_passed": 472,
  "gain": 1.0533408898305077,
  "gain_conf": 1.0533408898305077,
  "asr": 0.5995762711864406,
  "strength": 0.0293576608848728
}