{
  "rule_id": "T31",
  "num_samples": 17581,
  "applicable_samples": 6817,
  "success_samples": 6817,
  "total_candidates": 12858,
  "total_success": 6817,
  "coverage": 0.3877481371935612,
  "success_rate": 0.5301757660600405,
  "acc_orig": 0.9350154026697961,
  "acc_adv": 0.5090215637377146,
  "conf_orig": -0.8854090802405528,
  "conf_adv": -0.17260212703535288,
  "conf_orig_op": -0.8994843583306995,
  "conf_adv_op": -0.17405229055538132,
  "denom_orig_passed": 6374,
  "gain": 0.7254320677753182,
  "gain_conf": 0.7254320677753182,
  "asr": 0.47897709444618763,
  "strength": 0.2812849329403529
}