{
  "rule_id": "T32",
  "num_samples": 17581,
  "applicable_samples": 12707,
  "success_samples": 12707,
  "total_candidates": 33939,
  "total_success": 12707,
  "coverage": 0.7227688982424207,
  "success_rate": 0.3744070243672471,
  "acc_orig": 0.9343668843944283,
  "acc_adv": 0.8201778547257417,
  "conf_orig": -0.8847976548359049,
  "conf_adv": -0.529161202486797,
  "conf_orig_op": -0.8958550661163845,
  "conf_adv_op": -0.5441628316347823,
  "denom_orig_passed": 11873,
  "gain": 0.35169223448160225,
  "gain_conf": 0.35169223448160225,
  "asr": 0.13711783037143097,
  "strength": 0.25419220883668275
}