{
  "rule_id": "T34",
  "num_samples": 17581,
  "applicable_samples": 17581,
  "success_samples": 17085,
  "total_candidates": 20985,
  "total_success": 17085,
  "coverage": 0.9717877253853592,
  "success_rate": 0.8141529664045747,
  "acc_orig": 0.9371963710857477,
  "acc_adv": 0.5824992683640621,
  "conf_orig": -0.8800285162423265,
  "conf_adv": -0.0956635411179403,
  "conf_orig_op": -0.8909711653759748,
  "conf_adv_op": -0.1101806957282044,
  "denom_orig_passed": 16012,
  "gain": 0.7807904696477703,
  "gain_conf": 0.7807904696477703,
  "asr": 0.4100674494129403,
  "strength": 0.758762594501573
}