{
  "rule_id": "T39",
  "num_samples": 17581,
  "applicable_samples": 518,
  "success_samples": 518,
  "total_candidates": 533,
  "total_success": 518,
  "coverage": 0.029463625504806325,
  "success_rate": 0.9718574108818011,
  "acc_orig": 0.9633204633204633,
  "acc_adv": 0.8455598455598455,
  "conf_orig": -0.837669884169884,
  "conf_adv": -0.5394040540540537,
  "conf_orig_op": -0.8496515030060119,
  "conf_adv_op": -0.5487008016032058,
  "denom_orig_passed": 499,
  "gain": 0.3009507014028061,
  "gain_conf": 0.3009507014028061,
  "asr": 0.12625250501002003,
  "strength": 0.00886709876154107
}