{
  "rule_id": "T41",
  "num_samples": 17581,
  "applicable_samples": 2059,
  "success_samples": 2059,
  "total_candidates": 2127,
  "total_success": 2059,
  "coverage": 0.11711506740230931,
  "success_rate": 0.9680300893276916,
  "acc_orig": 0.9805730937348227,
  "acc_adv": 0.6556580864497329,
  "conf_orig": -0.863313550267122,
  "conf_adv": -0.25304720738222397,
  "conf_orig_op": -0.8732715205547322,
  "conf_adv_op": -0.259926250619118,
  "denom_orig_passed": 2019,
  "gain": 0.6133452699356142,
  "gain_conf": 0.6133452699356142,
  "asr": 0.3377909856364537,
  "strength": 0.07183197262939706
}