{
  "rule_id": "T45",
  "num_samples": 17581,
  "applicable_samples": 6742,
  "success_samples": 6742,
  "total_candidates": 12721,
  "total_success": 6742,
  "coverage": 0.3834821682498151,
  "success_rate": 0.5299897806776197,
  "acc_orig": 0.9348857905665975,
  "acc_adv": 0.07861168792643132,
  "conf_orig": -0.8849460100860066,
  "conf_adv": 0.895989172352411,
  "conf_orig_op": -0.8992118039028849,
  "conf_adv_op": 0.9039330477550309,
  "denom_orig_passed": 6303,
  "gain": 1.8031448516579158,
  "gain_conf": 1.8031448516579158,
  "asr": 0.9755671902268761,
  "strength": 0.6914738973822688
}