{
  "rule_id": "T46",
  "num_samples": 17581,
  "applicable_samples": 7014,
  "success_samples": 6886,
  "total_candidates": 7313,
  "total_success": 6886,
  "coverage": 0.39167282862180763,
  "success_rate": 0.941610830028716,
  "acc_orig": 0.8968922451350566,
  "acc_adv": 0.8312518152773744,
  "conf_orig": -0.866426749927371,
  "conf_adv": -0.6350023961661393,
  "conf_orig_op": -0.8785993037564648,
  "conf_adv_op": -0.6457687176165915,
  "denom_orig_passed": 6176,
  "gain": 0.23283058613987329,
  "gain_conf": 0.23283058613987329,
  "asr": 0.08630181347150259,
  "strength": 0.09119341426307762
}