{
  "rule_id": "T47",
  "num_samples": 17581,
  "applicable_samples": 935,
  "success_samples": 807,
  "total_candidates": 1240,
  "total_success": 807,
  "coverage": 0.04590182583470792,
  "success_rate": 0.6508064516129032,
  "acc_orig": 0.9628252788104089,
  "acc_adv": 0.8488228004956629,
  "conf_orig": -0.870234944237917,
  "conf_adv": 0.5843843866171013,
  "conf_orig_op": -0.8829344916344903,
  "conf_adv_op": 0.5875010296010307,
  "denom_orig_passed": 777,
  "gain": 1.4704355212355211,
  "gain_conf": 1.4704355212355211,
  "asr": 0.1492921492921493,
  "strength": 0.06749567519692085
}