{
  "rule_id": "T48",
  "num_samples": 17581,
  "applicable_samples": 2064,
  "success_samples": 2064,
  "total_candidates": 8105,
  "total_success": 2064,
  "coverage": 0.11739946533189238,
  "success_rate": 0.2546576187538556,
  "acc_orig": 0.940406976744186,
  "acc_adv": 0.6051356589147286,
  "conf_orig": -0.8426894379844982,
  "conf_adv": -0.3635248062015499,
  "conf_orig_op": -0.8635078310149423,
  "conf_adv_op": -0.38247511591962835,
  "denom_orig_passed": 1941,
  "gain": 0.481032715095314,
  "gain_conf": 0.481032715095314,
  "asr": 0.3822771767130345,
  "strength": 0.05647298355933838
}