{
  "total_tests": 190,
  "scenarios": {
    "Signal_Affinity_Rename_Bitwidth": {
      "n": 49,
      "linkage_used_count": 49,
      "linkage_used_rate": 1.0,
      "avg_linked_asr": 0.5306122448979592,
      "avg_linkage_boost": 0.061224489795918366,
      "synergy_count": 9,
      "synergy_rate": 0.1836734693877551
    },
    "Structure_Linkage_DeadCode_Shannon": {
      "n": 47,
      "linkage_used_count": 47,
      "linkage_used_rate": 1.0,
      "avg_linked_asr": 0.19148936170212766,
      "avg_linkage_boost": 0.0,
      "synergy_count": 14,
      "synergy_rate": 0.2978723404255319
    },
    "Semantic_Linkage_Comment_Rename": {
      "n": 47,
      "linkage_used_count": 47,
      "linkage_used_rate": 1.0,
      "avg_linked_asr": 0.3617021276595745,
      "avg_linkage_boost": -0.1276595744680851,
      "synergy_count": 13,
      "synergy_rate": 0.2765957446808511
    },
    "Multi_Layer_Rename_Intermediate": {
      "n": 47,
      "linkage_used_count": 45,
      "linkage_used_rate": 0.9574468085106383,
      "avg_linked_asr": 0.48936170212765956,
      "avg_linkage_boost": 0.0,
      "synergy_count": 15,
      "synergy_rate": 0.3191489361702128
    }
  }
}