{
  "rule_id": "T03",
  "num_samples": 17581,
  "applicable_samples": 17581,
  "success_samples": 17581,
  "total_candidates": 76011,
  "total_success": 17581,
  "coverage": 1.0,
  "success_rate": 0.2312954703924432,
  "acc_orig": 0.9377737330072237,
  "acc_adv": 0.6940447073545305,
  "conf_orig": -0.8804818212843526,
  "conf_adv": -0.5038968943745811,
  "gain": 0.3765849269097715,
  "asr": 0.2727603566446291,
  "strength": 0.3765849269097715
}