{
  "rule_id": "T07",
  "num_samples": 17581,
  "applicable_samples": 1807,
  "success_samples": 1884,
  "total_candidates": 20157,
  "total_success": 2153,
  "coverage": 0.10716113986690178,
  "success_rate": 0.1068115294934762,
  "acc_orig": 0.9278131634819533,
  "acc_adv": 0.7558386411889597,
  "conf_orig": -0.8213346072186847,
  "conf_adv": -0.4232020700636938,
  "gain": 0.39813253715499086,
  "asr": 0.2128146453089245,
  "strength": 0.042664336499630445
}