{
  "rule_id": "T07b",
  "num_samples": 17581,
  "applicable_samples": 161,
  "success_samples": 161,
  "total_candidates": 1107,
  "total_success": 1107,
  "coverage": 0.009157613332574938,
  "success_rate": 1.0,
  "acc_orig": 0.8819875776397516,
  "acc_adv": 0.7763975155279503,
  "conf_orig": -0.7775621118012418,
  "conf_adv": -0.45014161490683224,
  "gain": 0.32742049689440955,
  "asr": 0.14084507042253522,
  "strength": 0.002998390307718556
}