{
  "rule_id": "T09",
  "num_samples": 17581,
  "applicable_samples": 888,
  "success_samples": 924,
  "total_candidates": 1444,
  "total_success": 1163,
  "coverage": 0.052556737386951824,
  "success_rate": 0.8054016620498615,
  "acc_orig": 0.9383116883116883,
  "acc_adv": 0.6666666666666666,
  "conf_orig": -0.8482850649350633,
  "conf_adv": -0.05746558441558439,
  "gain": 0.7908194805194789,
  "asr": 0.31257208765859285,
  "strength": 0.04156289175814792
}