{
  "rule_id": "T10",
  "num_samples": 17581,
  "applicable_samples": 917,
  "success_samples": 946,
  "total_candidates": 1281,
  "total_success": 1239,
  "coverage": 0.05380808827711734,
  "success_rate": 0.9672131147540983,
  "acc_orig": 0.879492600422833,
  "acc_adv": 0.6374207188160677,
  "conf_orig": -0.8311420718816055,
  "conf_adv": -0.1660068710359406,
  "gain": 0.6651352008456649,
  "asr": 0.3125,
  "strength": 0.03578965360332171
}