{
  "rule_id": "T11",
  "num_samples": 17581,
  "applicable_samples": 538,
  "success_samples": 538,
  "total_candidates": 600,
  "total_success": 568,
  "coverage": 0.030601217223138615,
  "success_rate": 0.9466666666666667,
  "acc_orig": 0.9758364312267658,
  "acc_adv": 0.5650557620817844,
  "conf_orig": -0.9088899628252776,
  "conf_adv": -0.6179310408921932,
  "gain": 0.29095892193308437,
  "asr": 0.43238095238095237,
  "strength": 0.008903697173084545
}