{
  "rule_id": "T12",
  "num_samples": 17581,
  "applicable_samples": 1477,
  "success_samples": 356,
  "total_candidates": 1793,
  "total_success": 356,
  "coverage": 0.02024913258631477,
  "success_rate": 0.19854991634132738,
  "acc_orig": 0.9887640449438202,
  "acc_adv": 0.7949438202247191,
  "conf_orig": -0.9310999999999994,
  "conf_adv": -0.8551772471910114,
  "gain": 0.07592275280898797,
  "asr": 0.19602272727272727,
  "strength": 0.0015373698879471995
}