{
  "rule_id": "T18",
  "num_samples": 17581,
  "applicable_samples": 888,
  "success_samples": 924,
  "total_candidates": 1444,
  "total_success": 1163,
  "coverage": 0.052556737386951824,
  "success_rate": 0.8054016620498615,
  "acc_orig": 0.9383116883116883,
  "acc_adv": 0.6536796536796536,
  "conf_orig": -0.8482850649350633,
  "conf_adv": -0.05512965367965369,
  "gain": 0.7931554112554096,
  "asr": 0.3264129181084198,
  "strength": 0.04168566065639033
}