{
  "rule_id": "T19",
  "num_samples": 17581,
  "applicable_samples": 17581,
  "success_samples": 17581,
  "total_candidates": 17581,
  "total_success": 17581,
  "coverage": 1.0,
  "success_rate": 1.0,
  "acc_orig": 0.9377737330072237,
  "acc_adv": 0.8961947557021784,
  "conf_orig": -0.8804818212843526,
  "conf_adv": -0.702663449178079,
  "gain": 0.1778183721062736,
  "asr": 0.04894765572875599,
  "strength": 0.1778183721062736
}