{
  "rule_id": "T20",
  "num_samples": 17581,
  "applicable_samples": 17581,
  "success_samples": 17581,
  "total_candidates": 219502,
  "total_success": 17581,
  "coverage": 1.0,
  "success_rate": 0.08009494218731492,
  "acc_orig": 0.9377737330072237,
  "acc_adv": 0.8878334565724362,
  "conf_orig": -0.8804818212843526,
  "conf_adv": -0.7539446732267628,
  "gain": 0.12653714805758975,
  "asr": 0.05986534845635955,
  "strength": 0.12653714805758975
}