{
  "rule_id": "T30",
  "num_samples": 17581,
  "applicable_samples": 490,
  "success_samples": 495,
  "total_candidates": 709,
  "total_success": 502,
  "coverage": 0.02815539502872419,
  "success_rate": 0.7080394922425952,
  "acc_orig": 0.9595959595959596,
  "acc_adv": 0.39595959595959596,
  "conf_orig": -0.8564404040404036,
  "conf_adv": 0.1732591919191921,
  "gain": 1.0296995959595956,
  "asr": 0.6,
  "strength": 0.028991598885160105
}