{
  "rule_id": "T31",
  "num_samples": 17581,
  "applicable_samples": 6817,
  "success_samples": 6629,
  "total_candidates": 12858,
  "total_success": 6629,
  "coverage": 0.3770547750412377,
  "success_rate": 0.5155545185876497,
  "acc_orig": 0.9337758334590436,
  "acc_adv": 0.4254035299441846,
  "conf_orig": -0.8874144516518118,
  "conf_adv": -0.8428771609594117,
  "gain": 0.04453729069240009,
  "asr": 0.551373182552504,
  "strength": 0.016792998122969124
}