{
  "rule_id": "T32",
  "num_samples": 17581,
  "applicable_samples": 12707,
  "success_samples": 12707,
  "total_candidates": 33939,
  "total_success": 12707,
  "coverage": 0.7227688982424207,
  "success_rate": 0.3744070243672471,
  "acc_orig": 0.9343668843944283,
  "acc_adv": 0.8201778547257417,
  "conf_orig": -0.8847976548359049,
  "conf_adv": -0.5291382781144054,
  "gain": 0.3556593767214995,
  "asr": 0.13711783037143097,
  "strength": 0.25705953586258423
}