{
  "rule_id": "T34",
  "num_samples": 17581,
  "applicable_samples": 17581,
  "success_samples": 3456,
  "total_candidates": 20985,
  "total_success": 3456,
  "coverage": 0.19657584892781982,
  "success_rate": 0.1646890636168692,
  "acc_orig": 0.8981481481481481,
  "acc_adv": 0.8159722222222222,
  "conf_orig": -0.8093501157407516,
  "conf_adv": -0.5649677951388885,
  "gain": 0.24438232060186305,
  "asr": 0.11984536082474227,
  "strength": 0.04803966213526186
}