{
  "rule_id": "T37",
  "num_samples": 17581,
  "applicable_samples": 1477,
  "success_samples": 1477,
  "total_candidates": 1793,
  "total_success": 1752,
  "coverage": 0.08401114839883965,
  "success_rate": 0.9771332961517011,
  "acc_orig": 0.976303317535545,
  "acc_adv": 0.7230873392010833,
  "conf_orig": -0.9030744075829374,
  "conf_adv": -0.18669201083276835,
  "gain": 0.7163823967501691,
  "asr": 0.2753120665742025,
  "strength": 0.06018410784369488
}