{
  "rule_id": "T38",
  "num_samples": 17581,
  "applicable_samples": 1547,
  "success_samples": 1572,
  "total_candidates": 2725,
  "total_success": 2000,
  "coverage": 0.08941470906091804,
  "success_rate": 0.7339449541284404,
  "acc_orig": 0.9096692111959288,
  "acc_adv": 0.601145038167939,
  "conf_orig": -0.8584933842239201,
  "conf_adv": -0.3163867684478375,
  "gain": 0.5421066157760825,
  "asr": 0.38461538461538464,
  "strength": 0.048472305329617306
}