{
  "rule_id": "T39",
  "num_samples": 17581,
  "applicable_samples": 518,
  "success_samples": 611,
  "total_candidates": 533,
  "total_success": 611,
  "coverage": 0.034753426995051476,
  "success_rate": 1.146341463414634,
  "acc_orig": 0.9607201309328969,
  "acc_adv": 0.8281505728314239,
  "conf_orig": -0.8329281505728308,
  "conf_adv": -0.4923682487725038,
  "gain": 0.34055990180032697,
  "asr": 0.14310051107325383,
  "strength": 0.011835623684659563
}