{
  "rule_id": "T41",
  "num_samples": 17581,
  "applicable_samples": 2059,
  "success_samples": 2059,
  "total_candidates": 2127,
  "total_success": 2127,
  "coverage": 0.11711506740230931,
  "success_rate": 1.0,
  "acc_orig": 0.9805730937348227,
  "acc_adv": 0.6576007770762506,
  "conf_orig": -0.863313550267122,
  "conf_adv": -0.2528600291403592,
  "gain": 0.6104535211267628,
  "asr": 0.33531451213472013,
  "strength": 0.07149330527273788
}