{
  "rule_id": "T45",
  "num_samples": 17581,
  "applicable_samples": 6742,
  "success_samples": 6764,
  "total_candidates": 12721,
  "total_success": 7103,
  "coverage": 0.38473351913998066,
  "success_rate": 0.5583680528260357,
  "acc_orig": 0.934949733885275,
  "acc_adv": 0.09314015375517445,
  "conf_orig": -0.8847252808988547,
  "conf_adv": 0.8959339296274342,
  "gain": 1.7806592105262888,
  "asr": 0.9598355471220746,
  "strength": 0.6850792844547988
}