{
  "rule_id": "T46",
  "num_samples": 17581,
  "applicable_samples": 7014,
  "success_samples": 6886,
  "total_candidates": 7313,
  "total_success": 7161,
  "coverage": 0.39167282862180763,
  "success_rate": 0.9792150964036647,
  "acc_orig": 0.8968922451350566,
  "acc_adv": 0.8312518152773744,
  "conf_orig": -0.866426749927371,
  "conf_adv": -0.6350022799883878,
  "gain": 0.23142446993898325,
  "asr": 0.08630181347150259,
  "strength": 0.09064267675330406
}