{
  "rule_id": "T47",
  "num_samples": 17581,
  "applicable_samples": 935,
  "success_samples": 807,
  "total_candidates": 1240,
  "total_success": 1079,
  "coverage": 0.04590182583470792,
  "success_rate": 0.8701612903225806,
  "acc_orig": 0.9628252788104089,
  "acc_adv": 0.8488228004956629,
  "conf_orig": -0.870234944237917,
  "conf_adv": 0.5842905824039657,
  "gain": 1.4545255266418828,
  "asr": 0.1492921492921493,
  "strength": 0.06676537739605252
}