{
  "rule_id": "T48",
  "num_samples": 17581,
  "applicable_samples": 2064,
  "success_samples": 2147,
  "total_candidates": 8105,
  "total_success": 2265,
  "coverage": 0.12212047096297139,
  "success_rate": 0.2794571252313387,
  "acc_orig": 0.9324639031206334,
  "acc_adv": 0.6231951560316721,
  "conf_orig": -0.8252121099208221,
  "conf_adv": -0.32004708896134093,
  "gain": 0.5051650209594811,
  "asr": 0.3676323676323676,
  "strength": 0.06169099027359115
}