{
  "linked": {
    "n": 47,
    "avg_asr": 57.446808510638306,
    "avg_boost": 8.51063829787234,
    "synergy_rate": 27.659574468085108,
    "llm_rate": 100.0
  },
  "independent": {
    "n": 47,
    "avg_asr": 42.5531914893617,
    "avg_boost": -2.127659574468085,
    "synergy_rate": 31.914893617021278,
    "llm_rate": 100.0
  },
  "win_stats": {
    "total": 47,
    "linked_wins": 12,
    "independent_wins": 5,
    "ties": 30,
    "linked_win_rate": 0.2553191489361702,
    "independent_win_rate": 0.10638297872340426
  }
}