{
  "rule_id": "T01",
  "num_samples": 17581,
  "applicable_samples": 10982,
  "success_samples": 10982,
  "total_candidates": 11709,
  "total_success": 11709,
  "coverage": 0.6246516125362608,
  "success_rate": 1.0,
  "acc_orig": 0.9335,
  "acc_adv": 0.9273,
  "gain": 0.006199999999999983,
  "asr": 0.013948497854077254,
  "strength": 0.0038728399977248063
}