{
  "rule_id": "T04",
  "num_samples": 17581,
  "applicable_samples": 17581,
  "success_samples": 17579,
  "total_candidates": 219502,
  "total_success": 17579,
  "coverage": 0.9998862408281668,
  "success_rate": 0.08008583065302366,
  "acc_orig": 0.9381,
  "acc_adv": 0.4674,
  "gain": 0.47070000000000006,
  "asr": 0.5355648535564853,
  "strength": 0.4706464535578182
}