{
  "rule_id": "T07",
  "num_samples": 17581,
  "applicable_samples": 1807,
  "success_samples": 1807,
  "total_candidates": 20157,
  "total_success": 20157,
  "coverage": 0.10278141175132245,
  "success_rate": 1.0,
  "acc_orig": 0.9369,
  "acc_adv": 0.7526,
  "gain": 0.1842999999999999,
  "asr": 0.21382161842882458,
  "strength": 0.01894261418576872
}