{
  "rule_id": "T07b",
  "num_samples": 17581,
  "applicable_samples": 161,
  "success_samples": 161,
  "total_candidates": 1107,
  "total_success": 1107,
  "coverage": 0.009157613332574938,
  "success_rate": 1.0,
  "acc_orig": 0.882,
  "acc_adv": 0.7826,
  "gain": 0.09940000000000004,
  "asr": 0.13380281690140844,
  "strength": 0.0009102667652579493
}