{
  "rule_id": "T09",
  "num_samples": 17581,
  "applicable_samples": 888,
  "success_samples": 888,
  "total_candidates": 1444,
  "total_success": 1444,
  "coverage": 0.0505090722939537,
  "success_rate": 1.0,
  "acc_orig": 0.9459,
  "acc_adv": 0.652,
  "gain": 0.29389999999999994,
  "asr": 0.3238095238095238,
  "strength": 0.014844616347192988
}