{
  "rule_id": "T10",
  "num_samples": 17581,
  "applicable_samples": 917,
  "success_samples": 917,
  "total_candidates": 1281,
  "total_success": 1281,
  "coverage": 0.05215858028553552,
  "success_rate": 1.0,
  "acc_orig": 0.8899,
  "acc_adv": 0.6325,
  "gain": 0.2574000000000001,
  "asr": 0.3125,
  "strength": 0.013425618565496848
}