{
  "rule_id": "T11",
  "num_samples": 17581,
  "applicable_samples": 538,
  "success_samples": 538,
  "total_candidates": 600,
  "total_success": 600,
  "coverage": 0.030601217223138615,
  "success_rate": 1.0,
  "acc_orig": 0.9758,
  "acc_adv": 0.5669,
  "gain": 0.40890000000000004,
  "asr": 0.43047619047619046,
  "strength": 0.012512837722541382
}