{
  "rule_id": "T12",
  "num_samples": 17581,
  "applicable_samples": 1477,
  "success_samples": 1477,
  "total_candidates": 1793,
  "total_success": 1477,
  "coverage": 0.08401114839883965,
  "success_rate": 0.8237590630228667,
  "acc_orig": 0.9777,
  "acc_adv": 0.4834,
  "gain": 0.4943,
  "asr": 0.5131578947368421,
  "strength": 0.04152671065354644
}