{
  "rule_id": "T13",
  "num_samples": 17581,
  "applicable_samples": 538,
  "success_samples": 538,
  "total_candidates": 600,
  "total_success": 600,
  "coverage": 0.030601217223138615,
  "success_rate": 1.0,
  "acc_orig": 0.9758,
  "acc_adv": 0.9591,
  "gain": 0.016700000000000048,
  "asr": 0.024761904761904763,
  "strength": 0.0005110403276264164
}