{
  "rule_id": "T18",
  "num_samples": 17581,
  "applicable_samples": 888,
  "success_samples": 888,
  "total_candidates": 1444,
  "total_success": 1444,
  "coverage": 0.0505090722939537,
  "success_rate": 1.0,
  "acc_orig": 0.9459,
  "acc_adv": 0.6306,
  "gain": 0.3152999999999999,
  "asr": 0.3464285714285714,
  "strength": 0.015925510494283597
}