{
  "rule_id": "T19",
  "num_samples": 17581,
  "applicable_samples": 17581,
  "success_samples": 17482,
  "total_candidates": 17581,
  "total_success": 17482,
  "coverage": 0.9943689209942551,
  "success_rate": 0.9943689209942551,
  "acc_orig": 0.938,
  "acc_adv": 0.1361,
  "gain": 0.8019,
  "asr": 0.9029149896328821,
  "strength": 0.7973844377452931
}