{
  "rule_id": "T20",
  "num_samples": 17578,
  "applicable_samples": 17578,
  "success_samples": 17578,
  "total_candidates": 219446,
  "total_success": 17578,
  "coverage": 1.0,
  "success_rate": 0.08010171067141802,
  "acc_orig": 0.9381044487427466,
  "acc_adv": 0.48822391625896006,
  "gain": 0.4498805324837865,
  "asr": 0.5110976349302607,
  "strength": 0.4498805324837865
}