{
  "rule_id": "T30",
  "num_samples": 17581,
  "applicable_samples": 490,
  "success_samples": 490,
  "total_candidates": 709,
  "total_success": 709,
  "coverage": 0.027870997099141117,
  "success_rate": 1.0,
  "acc_orig": 0.9653,
  "acc_adv": 0.3898,
  "gain": 0.5755000000000001,
  "asr": 0.6067653276955602,
  "strength": 0.016039758830555716
}