{
  "rule_id": "T31",
  "num_samples": 17581,
  "applicable_samples": 6817,
  "success_samples": 6817,
  "total_candidates": 12858,
  "total_success": 6817,
  "coverage": 0.3877481371935612,
  "success_rate": 0.5301757660600405,
  "acc_orig": 0.9353,
  "acc_adv": 0.5068,
  "gain": 0.4285,
  "asr": 0.48070890840652447,
  "strength": 0.16615007678744098
}