{
  "rule_id": "T32",
  "num_samples": 17581,
  "applicable_samples": 12707,
  "success_samples": 12707,
  "total_candidates": 33939,
  "total_success": 33939,
  "coverage": 0.7227688982424207,
  "success_rate": 1.0,
  "acc_orig": 0.9341,
  "acc_adv": 0.8194,
  "gain": 0.11470000000000002,
  "asr": 0.137910699241786,
  "strength": 0.08290159262840567
}