{
  "rule_id": "T34",
  "num_samples": 17581,
  "applicable_samples": 17581,
  "success_samples": 17085,
  "total_candidates": 20985,
  "total_success": 17085,
  "coverage": 0.9717877253853592,
  "success_rate": 0.8141529664045747,
  "acc_orig": 0.93817189010864,
  "acc_adv": 0.5660087594562312,
  "gain": 0.3721631306524088,
  "asr": 0.41007553530182905,
  "strength": 0.3616635622089986
}