{
  "rule_id": "T37",
  "num_samples": 17581,
  "applicable_samples": 1477,
  "success_samples": 1477,
  "total_candidates": 1793,
  "total_success": 1793,
  "coverage": 0.08401114839883965,
  "success_rate": 1.0,
  "acc_orig": 0.93817189010864,
  "acc_adv": 0.060861156930777545,
  "gain": 0.8773107331778625,
  "asr": 0.27297857636489287,
  "strength": 0.07370388219690022
}