{
  "rule_id": "T38",
  "num_samples": 17581,
  "applicable_samples": 1547,
  "success_samples": 1546,
  "total_candidates": 2725,
  "total_success": 2724,
  "coverage": 0.08793583982708605,
  "success_rate": 0.9996330275229358,
  "acc_orig": 0.93817189010864,
  "acc_adv": 0.05221545987145214,
  "gain": 0.8859564302371878,
  "asr": 0.39589235127478756,
  "strength": 0.0779073227431143
}