{
  "rule_id": "T39",
  "num_samples": 17581,
  "applicable_samples": 518,
  "success_samples": 518,
  "total_candidates": 533,
  "total_success": 533,
  "coverage": 0.029463625504806325,
  "success_rate": 1.0,
  "acc_orig": 0.93817189010864,
  "acc_adv": 0.024913258631477163,
  "gain": 0.9132586314771628,
  "asr": 0.128,
  "strength": 0.026907910306875053
}