{
  "rule_id": "T41",
  "num_samples": 17581,
  "applicable_samples": 2059,
  "success_samples": 2059,
  "total_candidates": 2127,
  "total_success": 2127,
  "coverage": 0.11711506740230931,
  "success_rate": 1.0,
  "acc_orig": 0.93817189010864,
  "acc_adv": 0.07707183891701268,
  "gain": 0.8611000511916274,
  "asr": 0.33448959365708625,
  "strength": 0.10084779053543944
}