{
  "rule_id": "T45",
  "num_samples": 17581,
  "applicable_samples": 6742,
  "success_samples": 6742,
  "total_candidates": 12721,
  "total_success": 12721,
  "coverage": 0.3834821682498151,
  "success_rate": 1.0,
  "acc_orig": 0.93817189010864,
  "acc_adv": 0.030089300949889083,
  "gain": 0.908082589158751,
  "asr": 0.9748098859315589,
  "strength": 0.3482334802405039
}