{
  "rule_id": "T46",
  "num_samples": 17581,
  "applicable_samples": 7014,
  "success_samples": 6886,
  "total_candidates": 7313,
  "total_success": 7161,
  "coverage": 0.39167282862180763,
  "success_rate": 0.9792150964036647,
  "acc_orig": 0.93817189010864,
  "acc_adv": 0.3261475456458677,
  "gain": 0.6120243444627723,
  "asr": 0.08516839378238342,
  "strength": 0.2397133061811416
}