{
  "rule_id": "T47",
  "num_samples": 17581,
  "applicable_samples": 935,
  "success_samples": 807,
  "total_candidates": 1240,
  "total_success": 1079,
  "coverage": 0.04590182583470792,
  "success_rate": 0.8701612903225806,
  "acc_orig": 0.93817189010864,
  "acc_adv": 0.03884875718104772,
  "gain": 0.8993231329275923,
  "asr": 0.1514762516046213,
  "strength": 0.04128057381676622
}