{
  "rule_id": "T48",
  "num_samples": 17581,
  "applicable_samples": 2064,
  "success_samples": 2064,
  "total_candidates": 8105,
  "total_success": 8105,
  "coverage": 0.11739946533189238,
  "success_rate": 1.0,
  "acc_orig": 0.93817189010864,
  "acc_adv": 0.07081508446618509,
  "gain": 0.8673568056424549,
  "asr": 0.3840616966580977,
  "strength": 0.1018272252344023
}